<?xml version="1.0" encoding="UTF-8"?>
<!-- Generated by JClic - https://projectestac.github.io/jclic -->
<manifest identifier="JClic-966D8F" version="1.0" xmlns="http://www.imsproject.org/xsd/imscp_rootv1p1p2" xmlns:adlcp="http://www.adlnet.org/xsd/adlcp_rootv1p2" xmlns:xsi="http://www.w3.org/2001/XMLSchema-instance" xsi:schemaLocation= "http://www.imsproject.org/xsd/imscp_rootv1p1p2 imscp_rootv1p1p2.xsd http://www.imsglobal.org/xsd/imsmd_rootv1p2p1 imsmd_rootv1p2p1.xsd http://www.adlnet.org/xsd/adlcp_rootv1p2 adlcp_rootv1p2.xsd">
 <metadata> 
  <schema>ADL SCORM</schema>
  <schemaversion>1.2</schemaversion>
 </metadata> 
 <organizations default="JClic">  
  <organization identifier="JClic">  
   <title>Fracciones</title>
   <item identifier="ITEM_JClic-966D8F" identifierref="RES_JClic-966D8F">
    <title>Fracciones</title>
   </item>
  </organization>
 </organizations>
 <resources>
  <resource identifier="RES_JClic-966D8F" type="webcontent" href="/index.html" adlcp:scormtype="sco"> 
   <file href="3ec101.gif"/>
   <file href="3ec102.gif"/>
   <file href="3ec103.gif"/>
   <file href="3ec104.gif"/>
   <file href="3ec31.gif"/>
   <file href="3ec32.gif"/>
   <file href="3ec33.gif"/>
   <file href="3ec34.gif"/>
   <file href="3ec35.gif"/>
   <file href="3ec36.gif"/>
   <file href="3ec37.gif"/>
   <file href="3ec41.gif"/>
   <file href="3ec42.gif"/>
   <file href="3ec43.gif"/>
   <file href="3ec44.gif"/>
   <file href="3ec45.gif"/>
   <file href="3ec46.gif"/>
   <file href="3ec47.gif"/>
   <file href="3ec48.gif"/>
   <file href="3ec61.gif"/>
   <file href="3ec71.gif"/>
   <file href="3ec72.gif"/>
   <file href="3ec73.gif"/>
   <file href="3ec74.gif"/>
   <file href="3ec75.gif"/>
   <file href="3ec76.gif"/>
   <file href="3ec77.gif"/>
   <file href="3ec78.gif"/>
   <file href="3ec81.gif"/>
   <file href="3ec82.gif"/>
   <file href="3ec83.gif"/>
   <file href="3ec84.gif"/>
   <file href="3ec85.gif"/>
   <file href="3ec86.gif"/>
   <file href="3ec91.gif"/>
   <file href="3ec92.gif"/>
   <file href="3ec93.gif"/>
   <file href="3ec94.gif"/>
   <file href="3ec95.gif"/>
   <file href="3ec96.gif"/>
   <file href="be_happy_1_.mid"/>
   <file href="cover.gif"/>
   <file href="dib101.gif"/>
   <file href="dib102.gif"/>
   <file href="dib103.gif"/>
   <file href="dib104.gif"/>
   <file href="dib105.gif"/>
   <file href="dib106.gif"/>
   <file href="dib107.gif"/>
   <file href="dib108.gif"/>
   <file href="dib109.gif"/>
   <file href="dib110.gif"/>
   <file href="dib111.gif"/>
   <file href="dib112.gif"/>
   <file href="dib113.gif"/>
   <file href="dib114.gif"/>
   <file href="dib115.gif"/>
   <file href="dib116.gif"/>
   <file href="dib117.gif"/>
   <file href="dib118.gif"/>
   <file href="dib120.gif"/>
   <file href="dib121.gif"/>
   <file href="dib122.gif"/>
   <file href="dib123.gif"/>
   <file href="dib124.gif"/>
   <file href="dib125.gif"/>
   <file href="dib126.gif"/>
   <file href="dib31.gif"/>
   <file href="dib32.gif"/>
   <file href="dib33.gif"/>
   <file href="dib6.gif"/>
   <file href="dib60.gif"/>
   <file href="dib61.gif"/>
   <file href="dib62.gif"/>
   <file href="dib63.gif"/>
   <file href="dib64.gif"/>
   <file href="dib65.gif"/>
   <file href="dib66.gif"/>
   <file href="dib67.gif"/>
   <file href="dib68.gif"/>
   <file href="dib69.gif"/>
   <file href="dib8.gif"/>
   <file href="dib81.gif"/>
   <file href="dib82.gif"/>
   <file href="dib83.gif"/>
   <file href="dib84.gif"/>
   <file href="dib85.gif"/>
   <file href="dib86.gif"/>
   <file href="dontget.mid"/>
   <file href="ec21.gif"/>
   <file href="ec22.gif"/>
   <file href="ec23.gif"/>
   <file href="ec24.gif"/>
   <file href="ec25.gif"/>
   <file href="ec26.gif"/>
   <file href="ec27.gif"/>
   <file href="ec28.gif"/>
   <file href="ec31.gif"/>
   <file href="ec311.gif"/>
   <file href="ec312.gif"/>
   <file href="ec313.gif"/>
   <file href="ec314.gif"/>
   <file href="ec315.gif"/>
   <file href="ec316.gif"/>
   <file href="ec317.gif"/>
   <file href="ec318.gif"/>
   <file href="ec32.gif"/>
   <file href="ec33.gif"/>
   <file href="ec34.gif"/>
   <file href="ec41.gif"/>
   <file href="ec42.gif"/>
   <file href="ec43.gif"/>
   <file href="ec44.gif"/>
   <file href="ec45.gif"/>
   <file href="ec46.gif"/>
   <file href="ec51.gif"/>
   <file href="ec52.gif"/>
   <file href="ec53.gif"/>
   <file href="ec54.gif"/>
   <file href="ec55.gif"/>
   <file href="ec56.gif"/>
   <file href="ec57.gif"/>
   <file href="ec61.gif"/>
   <file href="ec62.gif"/>
   <file href="ec63.gif"/>
   <file href="ec64.gif"/>
   <file href="ec65.gif"/>
   <file href="ec66.gif"/>
   <file href="ec71.gif"/>
   <file href="ec72.gif"/>
   <file href="ec73.gif"/>
   <file href="ec74.gif"/>
   <file href="ec75.gif"/>
   <file href="ec76.gif"/>
   <file href="ec91.gif"/>
   <file href="ec910.gif"/>
   <file href="ec911.gif"/>
   <file href="ec912.gif"/>
   <file href="ec92.gif"/>
   <file href="ec93.gif"/>
   <file href="ec94.gif"/>
   <file href="ec95.gif"/>
   <file href="ec96.gif"/>
   <file href="ec97.gif"/>
   <file href="ec98.gif"/>
   <file href="ec99.gif"/>
   <file href="favicon.ico"/>
   <file href="fondo2.gif"/>
   <file href="fracc.jclic"/>
   <file href="fracc.jclic.js"/>
   <file href="hitscoc.mid"/>
   <file href="icon-192.png"/>
   <file href="icon-72.png"/>
   <file href="imsmanifest.xml"/>
   <file href="index.html"/>
   <file href="project.json"/>
   <file href="simpsons_1_.mid"/>
   <file href="thumb.png"/>
  </resource>
 </resources>
</manifest>